{"0": {"0": 0.16348548765776935, "1": 0.17494855707874685, "2": 0.17472086746153845, "3": 0.17494855707874685, "4": 0.16348548765776935, "5": 0.17494855707874685}, "1": {"0": 0.15935190659639234, "1": 0.16906786804399718, "2": 0.1739052523421918, "3": 0.16906786804399718, "4": 0.15935190659639234, "5": 0.16906786804399718}, "2": {"0": 0.15929694221694193, "5": 0.16900671888139726, "1": 0.16900671888139726, "2": 0.1738385688610511, "3": 0.16900671888139726, "4": 0.15929694221694193}, "3": {"0": 0.159349299563928, "3": 0.16906496684335556, "4": 0.159349299563928, "2": 0.17390208883293012, "1": 0.16906496684335556, "5": 0.16906496684335556}, "4": {"0": 0.15921689528866453, "5": 0.1689176655330661, "1": 0.1689176655330661, "2": 0.17374145510831593, "3": 0.1689176655330661, "4": 0.15921689528866453}, "5": {"0": 0.15934928144792346, "5": 0.16906494667468233, "1": 0.16906494667468233, "2": 0.1739020668434554, "3": 0.16906494667468233, "4": 0.15934928144792346}}