{"0": {"0": 0.4830807200952925, "1": 0.14402245424790971, "2": 0.006864870718720916, "3": 0.2654339357374656, "4": 1.5355303677274023e-05, "5": 0.10058266389693576}, "1": {"0": 0.820745655264335, "1": 0.1707187671043396, "2": 0.008535577631323793}, "2": {"0": 0.8201889699494384, "5": 0.17981103005056448}, "3": {"0": 0.8207192826501282, "3": 0.17925636302853948, "4": 2.4354321334690404e-05}, "4": {"0": 0.8193774370034099, "5": 0.18062256299658708}, "5": {"0": 0.820719099614597, "5": 0.17928090038540268}}